Basil murder,8
babil aliven't-ed,2
This post has been approved by Omori,2
oh no babil ðŸ˜­,1
oh no this is so scary i pissed my pants i'm a little pee pee boy this is scarier than fnaf oh oh oh. oh the misery,1
I support /j,1
lez gooooooooooo,7
yo i made the gif where the hand is showing basil ðŸ¥²,3
,2
Ravishing.,2
perfect.,1
Real,1
I found this on a facebook omori group, I didnt know you made the original,3
ye cool! :P,3
yummy,6
Hippos are definitely a force to be reckoned with.,2
humphrey,3
noooOooOOOOooooO,-2
Humphrey moment,1
Must be a fan of piss eh?,3
You drew this?,1
by ANY CHANCE are you dewwfy,1
tragic this is why I like the babil,1
Stop being to the bail,1
No, I apologizeðŸ˜” I did not..,2
No maâ€™am, I have no idea who or what that isðŸ«¡,2
That's amazing,3
This art was made by NayoLeow and posted on tumblr art.. . ,2
yummy,2
perfect.,2
I should stop looking at sub reddits people told me not to look at because OMG WTF,-2
This isnâ€™t mine. This art was made by NayoLeow and posted on tumblr art. . . ,3
Have you played the game?,3
Ah, well itâ€™s something thatâ€™s actually part of the game, but you know less brutal. You should play Omori, itâ€™s a really good game,3
Fuck you basil,15
little shit,11
LMAO,2
Son of a bitch,1
fuck you, basil,1
I have no idea who is the artist unfortunately,1
4chan,1
SOMETHING IN THE VENTS squishes BASIL! . . It was a moving attack!. . IT HIT RIGHT IN THE HEART! . . BASIL takes 143143 damage! . . BASIL became TOAST!,7
Hooligans and Omori made ''prank'' on Basil (so funnyðŸ¤£ðŸ¤£ðŸ¤£ðŸ˜‚ðŸ˜‚ðŸ˜‚),2
Poor Bagel. How could you?!,1
Nooooooooooo,1
Die basil,1
[I saved the babil (click link for image)](),1
perfect.,1
Haters,2
Not sturdy enough to stop amogus,2
it is, its the power of black line,1
after seeing this i have put on Robots Ftw on spotify and am now boppin to this,8
Basil is adorable and nice,-5
are you sure about that,9
r/probasil. . Go there. . Leave us alone,3
YES I AM. BASIL IS PRECIOUS AND MUST BE PROTECTED AND HUGGED.,0
I like that sub, thank you,2
i think youâ€™re on the wrong sub,,,,,8
ðŸ‘,3
I will hug Basil and I will hug you and I will hug everyone on this sub,-2
â€¦ no thanks, i have haphephobia.,7
I will hug Basil and I will hug everyone in this sub except those who don't want me to. . ...I'm sorry,3
itâ€™s okay, you didnt mean it lol,9
Hugs :3,1
*hugs*,2
I hate basil as much as the rest of you, but this is too far.,4
source: ,3
Oh god no!,1
It's called we do a little trolling, we do a little trolling,1
Not funny didÂ´nt laugh.,1
why,6
we engage in a small amount of tomfoolery,4
funniest prank ever,3
\*did laugh,3
Seriously this is just Oh my fucking god  . . . I like to see some pain but not this,1
Not at all,1
yes,6
May I please have a link to the original?,2
yes, all,3
Anything but that,1
Donâ€™t even have to watch the link to remember.,2
someone should animate this,3
i feel like it would be funny to put basil in the machine,3
Nog thats going to far,1
Basil fact,6
Hero lookinâ€™ interesting in the background.,4
Don't forget attempted suicide,2
He gonna die in jail letâ€™s be honest,1
I normally hate Basil but he looks nice here,1
2nd degree murder charge?,1
Even demons used to be angels,1
Technically its actually tampering with evidence but I'm kinda dumb lol,4
Punishable by death,4
200/2,5
So satisfying!,4
Based,4
Danganronpa V3 trial 5:,3
Noice. . You should've put in the watermelon squish sound when he gets crushed tho,1
Theirs an entire Reddit center on hating basil,1
gj basil now do it again,1
Imma turn you into watermelon then,1
:0,1
Basil time,5
You fool, by reposting this you have spread Basil's aesthetic, threatening your own sub!,4
Please be me please be me please be me please be me,3
Me reposting this image 7 billion times,3
BASIL TIME,2
Are you pro-basil,2
Good thing Iâ€™m still at TFK,1
What.,3
YES!,1
NO! Why would you ask that?,1
What,1
same post is in r/basilcult,4
Coincidences exist.,1
Coincidence? I think NOT!,4
That's such a good meme.,1
Not even anti-basil this is just a fact,5
i wanna smash basils head in with hector,6
turn him into a 4x4 rubiks cube and do a parity alg,11
Yeah because we need him to suffer as he dies. Like a blender is just a one-and-done, turn it on & heâ€™s dead within seconds.,7
Mortar and pestle,5
There is?,5
Hell yeah!,3
I feel like it would be better to make him suffer for a long period of time,6
Why is that the kinda thing you would just find in Basils house?,3
~~hanged drawn and quartered~~,2
literally anyone and anything >>>>> stinky little shit piss boy basil,10
TRUE this should be accepted as fact,4
isnt stranger just the netflix version of basil?,3
why do you hate him that much?,0
TRUE TRUE,8
stranger solos basil deserves everything that happened to him in blackspace,6
real,6
i wish hero left basil to drown,6
Best Ending,6
i wish he died in all endings,4
\*the better version,7
(this is just a joke i do rlly like basil) because stranger solos him obviously ðŸ™„,2
Based,5
Oh nah,-1
facts,5
people on this sub hate him so much and I just wonder why,0
ðŸ¤­ðŸ¤­ðŸ¤­ðŸ¤­,3
idk. maybe itâ€™s because they think heâ€™s too clingy or something, thatâ€™s my best guess at least,5
thats a bit of overraction but maybe,1
probably. but redditors are just insane like that ngl,3
yeah, I kinda forgot it was reddit :'),1
*are also,1
The Gigachad of the game.,1
he is great in long battles when i run out of food,1
basil is the best character,1
I'm not even joking he's the best character in OMORI,1
God I love Hero.,1
Wut,1
Hero is cool. He makes this world a better place by merely existing. Yea. Hero is pretty frikin dilly billy darlinginingin cool dude and pal and our lord and saviour and amigo and other stuff like that. Yep.,1
hero is cool and awesome and on whole nother level compared to basil rotting in my basement,1
hero is great especially heromari but he will always be second to basil,1
and so is basil :),1
man I love hero, he's so cool :),1
hero better than basil ong,1
hi,1
u/kewlbeqns,1
I would ban you off Reddit but I canâ€™t,1
This is a Hero appreciation post. We appreciate Hero in this post, not Basil,1
Stairs also great,1
lmao,1
I know I just wanted to see what happened,1
hmm yes, f r i e d b a s i l,6
Jokes on you he died for our sins,3
based off of my "BURN THE REMI" comment i believe,3
[No save the basil from fire >:C](),2
Save the basil,-5
he will come back to life after three days you asshole he's basil, basil's a god.,1
Burn the bagel,1
Your wealth has rotted, and moths have eaten your clothes. Your gold and silver are corroded. Their corrosion will testify against you and eat your flesh like fire.,3
basil haters\*,1
yes thank you for the idea,3
You want to drown Basil? I knew you had it in you!,4
SAVE HIM!!!,2
**no u**,4
he isnt drowning, the water is below his legs hes perfectly fine, it was just to put out the fire, by now basil has already been saved via boat, and is now sleeping soundly in his home,3
No,1
I'll burn his house then,3
i just don't think he should be around sunny given how sunny subconsciously hated and blamed him for everything. sunny and basil aren't healthy alone nor together and even after they go to therapy/get counseling i don't think it would be good for them to be close. after all the main hallucinations sunny had were related to seeing his sister hanging. sunny wouldn't have gone to jail for shoving his sister, he didn't intend to kill her and he was 12. however basil decided to hang her rather than get anyone to even TRY to help her. as someone who's been in traumatic situations the first response was always to reduce casualties/deaths. that meant getting help even if someone i loved might get it trouble. not to mention he also ripped out sunnys fucking eye. could you personally forgive someone for hanging your sister and blinding one of your eyes? not to mention hero changed his entire career path and threw away his.dreama thinking he missed the signs and was a bad boyfriend, that maybe if he had tried harder to look for what was wrong shed still be alive. kel lost his older brother. aubrey stayed alone and abandoned in a neglectful home. if basil had just let sunny take the fall the friend group may have been torn apart but everyone would have lived a better life. im not mad he didnt know the perfect response to a traumatizing situation but he took one of the worst fucking routes possible. the regret he feels and tbe strain it has on his mental health is deserved by the way he kept quiet for so long for his own selfish reasons. HE didnt want sunny to get in trouble. sunny probably wouldnt have cared to take responsibility for his actions given the grief he felt from it. just my own opinion and thoughts personally tho.,11
HERO equipped BLENDER,10
MUCHO TEXTO,6
MUCHO TEXTO,3
Most based statement ever ðŸ‘,1
funny + I laughed + love you,4
I knew that this would get posted here :D,4
Ah yes my favourite sauce *PESTO*,1
This is an Afriad basil worthy post,1
perfection,1
Basil is now pesto,1
Would you look at that, all of the words in your comment are in alphabetical order.. . I have checked 1,015,635,320 comments, and only 201,428 of them were in alphabetical order.,5
it's Grammarly's fault (an app's fault), not me,3
Its toxic,1
Impossible to dispose of sadly ðŸ˜©. Had to revert to death by chomping,1
Boom. Roasted.,5
Ah hell nah ðŸ˜­ðŸ˜­ðŸ˜­,3
IT HIT RIGHT IN THE HEART,2
I can blend headspace basil all I want because he's not real,2
I would pay to hurt Basil,2
I donâ€™t like the idea of hurting anyone but I would love a million dollars.,1
death is the only way,14
We shall commit genocide,9
Arson,8
Spam on their subreddit to the point where it's not even a probasil subreddit anymore. Or on a good day just tell them to keep their retarded ass members in check,8
I can join you, as long as you can offer up more money than the basil cult,6
While i have joined r/probasil i only tolerate basil cos while he is integral to the story he is a whiny annoying teenager who can't get over not seeing his emo twink partner in crime,3
We do a little omori,4
u/router should add at least one rule so we can report them.,4
Spread the word of the anti Basil sub so that more people can join and post anti Basil posts lol,8
Im sorry that my fellow pro basil people are spamming your subreddit, i feel it would be beneficial if we agreed to disagree on the matter of liking basil,2
im playing both sides, so i always come out on top,1
cry about it,-4
Hey, could someone give some context here? Are basil fans just annoying or is this one of those subreddits hating on something for no reason?,0
Cry about it, Iâ€™ll drink your tears out of a cup,-11
#probasil,-2
Give in the basil.,-3
Respect their opinion as chads,-3
[ Removed by Reddit ],-5
how much,3
yes brother,7
Antibasil crusaders,2
basil must die and the basil cult is retaliating,6
ill drink your blood out of your skull,12
The cult hasnâ€™t offered me any money yet, Iâ€™m only taking offers until 12 am so yeah,7
The what?? Some serious clarity as to what the hell this cult is.,0
Nah after looking, both of you are weird. Though one gives off those monkey-hate video vibes and the other just really likes basil.,0
I fucked your mom shitlips,-10
10 bucks and a banana,3
so it goes,4
Untrue, it's scientifically proven that Basil fans don't get any pussy or dick,8
It's not much but the cult hasn't made any deals so, get the blender,7
No!,1
facts,9
Your family tree must be a cactus cause everyone on it is a prick,-11
True,1
You must be a Basil fan because that's the worst joke I've ever heard,12
Ong,8
Just as it should be.,3
Wasnâ€™t sure about nsfw flair so I just put it on,4
Beautiful.,4
nooooooo basil!!!,-1
,1
Such a dubious and diabolical creature! Such a wicked  creature should be put behind bars and given the most confining cells the jailhouse has to offer. . . Truly a dreadful sight ðŸ˜”,9
such a stupid creature!,2
True ðŸ˜ž,6
Basil fans gonna think this is too graphic lmao,12
Good,6
POV: you're testing if friendly fire is on,6
nice drawing btw,6
look at his stupid fucking face lol also great drawing,6
Almost had us in the first quarter, ngl.,13
Relatable,6
i love you,4
Man, you must really hate Basil, huh. I didnâ€™t even know there were that many ways to kill someone. Hating a character is fine and all, but Jesus you have a lot of hate for him. You good?,3
This aged like milk,2
This soundsâ€¦ familiar. ðŸ¤¨,1
Ahoudou billahi mina shaitani rajim , ME TOO AHAH,1
Basil=love,1
The cursed thing is that I could probably post this to pro basil subs and I don't think anyone would really object.,9
He's just balancing out the positive he gets, that's all.,6
Also fax,2
True.,4
Indeed.,5
facts,3
it's a very bad way of torturing basil, since he doesn't survive for that long. maybe we should try waterboarding him,2
There isnâ€™t just a blender. Thereâ€™s also some watermelon.,1
Because he is a watermelon,1
ABSOLUTELY!,3
Based and redpilled,3
Tastes like shit though,2
nightmare creator,12
evil contraption,9
Itâ€™s a portal from hell,6
,2
perfect.,2
You want one?,3
Omori: no. . .... . OMORI DID NOT SUCCUMB x1000,1
"don't make me show my bad side, omori...",2
No...it can't be......,4
i am a mod of r/probasil but i am doing this to keep you at bay,2
Pasil very reading,4
You have destroyed him? ðŸ¤”,0
He was already destroyed,1
Therapy makes you die apparently (Sonic Omens reference),5
Facts.,3
no pls,1
I remember accidentally calling him Sora once.,1
I don't know which one I hate more,1
i ate therapy,5
damn he s good,2
yum,4
Source: Pai from Worldâ€™s End Club,3
Wow, didnt know people knew abt worlds end club,3
NOT PAIðŸ˜­,2
pokemon trainer lookin ass,2
I NOTICED THEM FROM SOMEWHERE,2
No, it was designed by Take, a Japanese illustrator that also worked on the designs featured in the games Pokemon Sun and Moon.,3
cuttable,5
Wamnermelon,2
Are you a small distributor, or are distributors small routers?,1
ask r/mindustry (please don't tell them i am commiting warcrimes in r/omori too),1
**USER FLAIRS ADDED, CHANGE YOUR FLAIR TO ONE OF THE SELECTIONS OR CUSTOM**. . *the preparations are finished*. . # it is time,2
Lmaooooooo,1
**UPDATE:**. . enemy list:  . r/probasil  . r/Basilcult. . r/probasil is new, we should obliterate it quickly before moving to r/Basilcult,2
watermelon juice,3
Hell yea,3
[Saved basil from blender, he is very angry with you](),2
Fucn you too,1
Why would you commit such an action to bagel.,1
perfect.,1
Who said there's only one blender,2
the watermelon juice obtained afterwards is very profitable to sell,3
he is already outside your house with sharp garden sheers, just try to put him into another blender,2
Okay you got me there,3
my fake decoy house that's actually a giant blender you mean?,2
hes not at your decoy house, hes at your actual one,2
my actual house is basil's house :),1
thats why hes outside it with sharp garden sheers, hes trimming the bushes,2
I have a knife,2
he will literally pull a villager in smash bros and grow a tree in your face when you go to attack him then he'll stab you,2
I have armor made from picnic blankets so no.,1
he has a back up plan glock,2
Picnic Blanket Armor Mk. III is nearly invincible except for the sâ–ˆâ–ˆiâ–ˆs,1
well it cant cover your face, or else you cant see then basil can take advantage of it's weakness,2
Behold the transparent picnic blanket,1
i see, however little do you know, basil has the power of depression and anxiety which makes him get a rapid fire gun that will pierce through your armor,2
I can just open a few presents and get an emotional advantage over him,1
fair, but by the time the first present is opened he already kicked you down a flight of stairs,2
That's where the other key feature of Picnic Blanket Armor Mk. III comes in. Unlike Mk. II, it features three layers of life jam, providing sufficient jam reserves for 143 revivals. Using the stairs would only give me access to Basil's mind and give him additional trauma points that make him vulnerable to present spam,1
however little do you know that picnic armor MkIII has been in maris picnic basket this entire time,2
That's the whole point. Mari's picnic blanket is invincible and is the thing preventing her from dying.,1
however, she has it not you,2
The properties of the Kel boson allow for objects and their properties to be recreated.,1
well only kel has it and only he can use such a power and he cant recreate such a power such as the picnic blanket mark III,2
The Kel Boson has been created at the OMOR particle accelerator and its abilities have been manipulated by feeding one such boson with the text "THIS KEL BOSON IS STABLE". This stable boson has been used to create many others and a replica picnic blanket has been fabricated by a kel boson facility. Its properties have been recreated in an OMOR facility and incorporated into wearable armor, combined with life jam technology. New innovations include the KANON warp drive and the highly unstable KELTRANUKE, currently predicted to be capable of creating a sphere of total destruction expanding at lightspeed. The assembling of the first OMORBINATOR has begun. The revolution has started. It's OMORBIN' time and my new forces will rise to secure the OMORI community from the extremist Cult of Basil, the newly summoned TRUE BASIL they just summoned and the rise of OMOLI, predicted by a famous prophet to happen on 31 August,1
There will be absolute hell of basils, and the life jam technology is all in sunny's head, doomsday where only basil shall fill the sky and thousands of basils shall attack, there is. no. escape.,2
If all else fails, I will release many KELTRANUKES to start purging the universe and flee,1
basi nukes are more powerful, they shall fill the sky and surround the earth in plants,2
lmao i have blenders,1
the god of all basils larger than human comprehension will crush them,2
thank you for your info, will plan accordinglh,0
I would help you in this discussion but its 1 am for me.. All im saying is that you're doing great.,1
you cannot, he is larger than any form of human comprehension, you wont even be able to fathom his strength and size there is no, planning accordingly,2
thank you for the moral support,2
the KELTRANUKE literally creates a rapidly expanding unstoppable sphere of death,1
Glad to help.,1
you underestimate god basils strength, for he is above your comprehension, he is divine and cannot be destroyed by mere mortals,2
who said i'm mortal,1
basil, he is the god of this universe to him you're mortal you are not above his level he can smite you,2
it's ALWAYS omorbin' time.,1
but basil shall overcome the omorbin,2
the OMOR army is too strong,1
Nah bro basil is literally god, omor army is merely just mortals,2
Perfect,3
Letâ€™s goo,2
,1
CAEESAAAARâ€”-wait wrong one,1
pathetic,7
basil smoothie ðŸ¤¢ðŸ¤¢ðŸ¤¢,2
I mean... he does have a punchable face,8
He has a shirt with himself on it. I want to stab him,5
Same bro, same.,3
:(,-3
I cant believe there are people who likes this shit ðŸ¤®,0
Do they?,3
his name is sunny,3
Oh no! Our poor beloved Basil! Who would do such a thing?. . *Hides bomb remote controller*,2
Amazing.,1
Good.,1
this is a masterpiece,1
googd.,2
doogd.,1
I'm an average therapy enjoyer,2
Girl bye,-2
THATS A BUFF ESS OMORI-,1
yum melon,4
Not my proudest fap,3
Accurate Basil death.,2
noice.,2
Sir this is a Wendyâ€™s,2
Oh yes, public masturbation, again,2
I would sell my kidneys to hurt Basil.,3
[Music here.]() [Video here.](),1
HE'S A CHILDðŸ˜¨,1
Yes. I'd even do It for free. But getting paid to do it? Even better. I'd do it multiple times, especially if I get paid each time.,1
The word smol sends me into a blind rage,1
True,2
ah hell nah babil became a r/hollowknightmemes user,1
pretty much.,1
dinner time ðŸ˜‹ðŸ˜‹,2
10/10 Tried this recipie at home! Would recommended ðŸ‘,3
Cry you bastard,3
i knew this would be posted here lol,3
Nah not Aubrey. but it feels like Sunny Omori and alter account made this lol.,7
auby moment,5
I know the person that made it actually, but won't reveal for privacy reasons,3
Aubrey gaming,2
basil gaming,2
Hector?!,1
Bagel gaming.,2
cracksil,2
i just changed my flair idiot,1
I meant the person not you,1
More like what didnâ€™t he do,9
mm very intresting,3
And soon, he will join them,2
Brazil,4
We have an oppinion, that's all,3
My personal hell.,1
Never said you did but ok?,0
That's it Basil, into the blender you go! You deserve it unlike a certain princess from a certain subreddit,3
MY EYESSSS,3
The sheer amount of fear that entered my body once basil got grabbed was immense,1
The Great Basil Treaty, 20 August 2022. . &#x200B;. . We have overcome our differences and we are finally united. We might be too late. A famous prophet warned me that on 31 August 2022, OMOLI will rise and attack the OMORI community. Maybe only together may we survive. . . &#x200B;. . Pass this message onto r/probasil,12
thanks, but wars are fun.,2
no more wars,3
As an antibasil maybe this treaty is the right thing to do,1
i am grateful that the 2 parties can finally come to some sort of agreement.,1
yeah i love getting death threats totally fun,1
NO NO NO. . IF THE HATE BAND DESISTS I WILL MAKE MY OWN WAHAHAHA,-2
no more wars,3
IF I LOSE A WAR I CAN START ANOTHER ONE. (just wihout the grave sick insults),-2
if you start a war, people are going to tell me to kill myself for making jokes again,2
no wars. . just peace,2
Inevitably, there will be some extremists on both sides that do not agree.,1
Bad,1
agredd,1
Very brutal 10/10.,4
Wtf is wrong with yaâ€™lllâ€¦bagel is completely innocent,1
(My guess is that heâ€™s the reason for SOMETHING) idk bruh Iâ€™m here to scroll through someone else,1
It's... It's beautiful...,1
Well boys, we did it. Basil is no more.,5
Was never a fan of basil but i cared for him. Upvoting for nostolgia tho,2
Well boys, we did it. Basil is no more.,8
WOOOOOOOOOOOOOOOOOOOOOOOOOO  . . . Yeah baby, that's what I've been waiting for, that's what it's all about  . . . WOOOOOOOOOOOOOOO,3
LET'S FUCKIN GOOOOOOO!!!!!!!!!!!!!@?@?Ã—?Ã—?#**â‚¬*=*Ã·Ã—([Ã—â‚¬*â‚¬*â‚¬#,3
CELEBRATION!! VICTORY IS OURS!!1!!1,3
Wooooooo!,3
next we kill sunny, basil's friend, most logical direction to go i assume,0
Waterboarding,6
Slowly getting tortured by poking his eyes with needles, skinning him alive and then slowly burning him as he dies a horrible and painful death,4
skin him and pour disinfectant on him.,4
watermelon,4
death,7
Pushed down the stairs, mentally tortured, water boarding, lots of bone breaking, Dehydration, Starvation, Scalping, Sleep deprivation, tooth pulling, acid attack, bamboo torture, dismemberment, hamstringing, half hanging, boiled, foot roasting, kneecapping, and then hung.. . . If heâ€™s strong enough he should live itâ€™s not that bad smh,6
Poison, slow and painful.,3
Death,2
Punched to Minecraft,2
>!Stab both of his eyes, push him down the stairs, and then finally hang him on the tree and frame it on himself !<. . But in nicer terms, just dangle him off the hospital balcony for 48 hours upside down while listening to My Time on a loop.,2
A trampoline,1
Marriage,0
Nothing since he's the best character in OMORI,-1
hugs,0
BasilðŸ‘,-1
50 Kal,1
What ðŸ’€ðŸ’€,0
of DOOM,2
With who,2
Mod!!!!!!!!!?!!!!!!!!,5
What in godâ€™s name is your pfp?,2
Makima from chainsaw man, do you think its weird ?,-1
You killed Power, Iâ€™m angry,2
L +  Bang lol,0
Same here!,2
â€œI hope he gets gunned down in an alleyway like the degenerate he isâ€ - Kel,2
He needs to go to the furry holocaust even tho he's not furry,1
Fuck you,1
Stairs youâ€™re here to ? ðŸ˜±. . Welcome Iâ€™m the only one that post here lol,2
Uhhâ€¦,1
What,1
You forgot the staircase,1
perfect.,1
this is exactly what i think of basil,3
we liv in sosaiti,2
wait isn t that the real basil fron the hit game omori,1
Canon probably.,2
Terrorism,5
Itâ€™s blender time,6
Yum, *watermelon*,3
Liar, You hate eating watermelons. (ProBasil spy caught in the team base.),1
How do you know if I hate watermelons or not? Also, hating a watermelon(Basil) so you have officially embarrassed yourself on the internet.,1
OK youâ€™re right about the watermelon thing, but donâ€™t act like you donâ€™t know me weâ€™ve known each other for almost an entire damn year!(And IRL) Liar.,1
We have *both* officially embarrassed ourselves on the internet.,1
This is why I hate you.,1
An Omori animation made by MeatCanyon would be cool.,3
Yes indeed,3
boi,-2
Finnally..,3
finally**,3
Must have been in Poland recently.,7
lol ðŸ˜‚ just kill him hes probably malnourished,2
Mmm sure bestie.,1
The most average basil in ohio,1
Lmao US b like,1
Get the blender! His biggest weakness!,3
"Fetch me their souls!!!",2
Im afraid he is to fast, it would be like trying to catch a hyper hamster with just your hands,3
Same,4
Wich weapon used?,3
Yeah, we want to kill him too :),2
Please elaborate.,3
Nah that's crazy, I'd do it for free tho,1
This needs a sequel??????,9
what the fuck lmfao,4
This does confirm that basil is immortal,2
perfect.,2
fine,3
only in a brutally painful ritual,1
That is indeed a dead bagel with ugly feet,10
I love this sub, it's either Basil getting his brains blown out or this,8
lmao,5
i concur with your observation,1
my dream come true,5
This made me laugh ðŸ˜‚,2
What the hell is even a mitski,5
Baski,3
An awful person like basil should not even be compared to the angel mitski,2
Source: ,3
yep.,1
same,3
Basil is my favourite character from Omori,1
if hating basil causes you to have toxic thoughts then loving basil will bring you peace of mind,-10
Who asked,-8
Basil fans be sending death threats, nothing will change lmao,12
loving a murderer wont bring you anything ma boi,5
I asked.,10
death threats?? those aren't fans they are dicks,-7
i mean wasn't sunny technically the murder? he's the one who 'killed' mari,-2
death is the only way,6
New Basil death just dropped,4
Pet it with a bit more pressure (+1 ton).,3
MMM WATERMELON SMOOTHIES!,4
Basil Fact,5
He must therefore be tortured and slowly dismembered.,5
Gore,10
They hate basil ðŸ˜”,1
Deleted user....,1
Good choice, this is the place for babil neutrals and haters,3
We're happy to have you! Welcome.,2
Should i join as well?,2
How dare you,-2
h,1
Babil,3
Depends, I joined because of money, your reason may be different,2
The anti basils payed me the most, and I'm not taking offers anymore,3
Give me some gum and i'll join.,2
O ok.. Maybe i'll consider joining too,2
Would you take what's under the desk?,2
Needs to unused gum,2
I donâ€™t actually hate the character. I just like posting mean basil memes,5
Farewell, we will miss you.,2
Bye! r/Probasil,2
Sucks, but farewell your time has been appreciated,2
idc die,2
Horay!,1
Respectable,3
saem,1
anything to keep mewo and kel alive ðŸ«¡,2
YEAHH SUCCESS!!1!!! We got this guys, just one more,2
We need to kick RW Basil out and save Aubrey and Mewo!,1
whoâ€™s basil,1
nice opinion btw,1
Damn this person got banned. It was probably basil fault tbh.,1
I want to light hid hair on fire and watch him slowly burn.,1
the character from omori,1
thank god I thought you meant the plant for a second then we would have had problems,2
it was the meme that sparked the outbreak. we also use elevators and watermelon chopping too. . also r/probasiI for some interesting stuff,4
ah, true,3
no thats too dangerous it will attack our men too,3
LMAOOOOOOO,2
I have to report this information to the basil cult.,-1
the O M O R B I N A T O R S are our last chance,3
it's omorbin' time,3
too late,4
Drink his blood!,1
that s a good idea but what can we hate if basil stop existing,2
That would create a time paradox. . If Basil doesn't exist, then he never gives Sunny the idea to h*ng Mari. . If Mari doesn't get h*nged, Sunny calls 911 like a sane person would (hopefully). . If Sunny deviates from the plot of Omori, then time itself collapses and existence itself dies. . >!Let's do it!<,1
Rosa the bitch,3
Meat tenderizer.,9
Cut off his limbs like heâ€™s a Necromorph,8
Put him in a locked room with a sandpaper floor on a conveyor belt. This will force him to keep moving till he passes out, and he will get woken up by the sandpaper grinding against his flesh. This cycle repeats till he dies of blood loss or something days later,4
Rusty pipe,3
Spare him ðŸ¥¹,-5
P E R F E C T,2
*spear,14
D:,4
Iâ€™m starting to see why basil had no friends until Aubrey felt bad and invited him ðŸ˜,5
Basil stinky,5
Fax ðŸ¤¯ðŸ˜†ðŸ¤£ðŸ«¡ðŸ¥³ðŸ¤¢ðŸ˜¤ðŸ‰ðŸ‰,1
I didn't, I care for it excessively by throwing it violently against a wall,2
great idea, noted,1
either way its a win for me i like watermelon and i also like pesto,6
Even better?,4
That's why I just use a +UltraCoubterRicoshot,2
Thereâ€™s a reason itâ€™s labeled â€œNSFW.â€ But seriously, the game already has Basil getting destroyed in the game, so this isnâ€™t that far off from what actually happens. >!Minus the gun. I didnâ€™t see any guns in Omori lmao!<,11
An hated character exists in every community,7
i mean i like basil but he does kinda >!Get his head sliced off by an elevator!< ingame so this subreddit isn't too far off,6
boi he cut someones eye and hang someone that s pretty reasonable(i don t hate basil i like eating melons),4
He deserved it.,3
There are two posts of slightly gorey images, you're exaggerating,3
The pleasure of hurting others,3
There's only like 2 posts,2
nah cuz seriously â˜ ï¸ i dont like basil but this is too far,1
Yeah but it's like fighting fire with more fire,2
Wait doesn't Aubrey hit Kel and Sunny with a nail bat,1
yes we need a rocket launcher,4
ye,1
Okay I'll be right back,2
Lol,1
Pick up the dust and feed it to hector, so basil could have been somewhat useful.,4
Yess basil,3
Oh no! Anywayâ€¦,3
watermelon juice,8
Pesto :D,3
Basil pesto,2
6 digit code or food sauce?,0
Someone already got it right it was... pesto ,5
The ones you put in food,3
Correct! +1 clam,3
Correct! Here is a clip of someone making it ;) ,2
Food sauce,2
You mean this? :,4
,4
Correct i love pesto (sauce that is literally made out of basil),3
You have our support.,1
Now im curious why your friend hates the plant,6
she hates all italian things,6
mama mia,2
Understandable,1
Eye candy right there ðŸ¤­,3
Ah.. so this is how I found out this subreddit exists ðŸ’€,1
It will be difficult, but letâ€™s hope we win the war. I donâ€™t know which characterâ€™s winning though.,2
Bulgars are genuinely dumb.,1
THE PLOT THICKENS,5
I honestly don't know how to feel about the fact that I'm getting invested in this saga. How did Basil get his regeneration abilities? What's the "cleansing of sin"? Is this a reference to some sort of r/antibasil lore I'm just not caught up on?,4
good question. it isnt antibasil lore, though.,1
Ah ok. Was just wondering cuz it seems like the main OMORI sub has lore so I was wondering if that was the case here lmao,2
. more. will make more death basil, but some other stuff i got here.,1
bcz HOW DARE YOU MAKE GORE OF A FICTIONAL CHARACTER THAT ALREADY HAS GORE IN THE GAME ðŸ˜­ðŸ˜­ðŸ˜­ðŸ˜­,7
Because Basil's deaths in the game have a reason and an explanation inside of Sunny's head, but this is mad weird and yall are making drawings and talking about murdering a kid, and thats way more explicit than the few pixels we see in the game,-5
they do what the game did before, if it was an actual person, I should have trusted you, but all they did was to draw a fictional character getting killed, not an actual human being.,6
Yeah, drawing someone getting murdered, with the only reasong being that you dislike them, no matter if theyre fictional or not, is concerning.,-7
"with the only reasong being that you dislike them, no matter if theyre fictional or not, is concerning". . &#x200B;. . Actually, I don't care if they're drawing a fictional character getting killed UNLESS somebody draws an actual person in real life getting killed, I don't hate nor love it, although I was laughing so hard when basil keeps getting killed/dying, it's so funny to me.,8
,4
Master of disguise.,1
Meet the spy,1
No, he identifies sexually as a disaster,7
It's not confirmed, but a lot of people headcanon him as gay.,7
Unknown, but unlikely,1
yes,0
This is the most accurate answer.,3
I personally haedcanon him as bi,1
I personally headcanon him as he gets no pussy nor cock,3
Accurate description of Basil.,1
Likely because of a lack of engagement with the story's themes related to him, which is up to their choice. The story focuses more on Sunny's trauma in the end.. . Much easier to say he's evil (some) and annoying than to go into a topic of serious trauma and mental health issues, and their effects on different children. Basil was already messed up even before the event, so he's meant to be the most long-term troubled character there. His mind instantly going to hanging was surely related to all the hints we get that he's been wanting to do it to himself. As someone in psych, I know people who do relate with him and they're all mostly in a horrible state of mind. . . (I'm neutral as well, but it would seem disproportionate to an outside viewer, or some other new visitor who isn't on a raid. If someone does relate and sees this stuff, it could send a harmful message to a person possibly already self-harming. With the comments along the lines of "he already wants to kill himself anyways". People easily bite off more than they expect when they visit, and it's the breaking of that expectation that shocks them, but here it's taken as hostility, which ends up fostering some odd pro-anti war.). . . Aside from that, it's probably more just the hate circle meme train whatever that went in the rabbit hole and spiralled on the way down, just as with loads of other hate meme subs - it's more for the entertainment.. . In which case, sure.. . Thank you for coming to my TED talk,8
I just think he's annoying,5
It's for the meme + Ur mom,3
>!When he stabbed Sunny in the eye. That made me hate him more!<. . Heâ€™s also just generally annoying as a character.,2
Most basil haters usually just hate people who obsess over basil because they tend to ignore all the terrible shit he had done because he is their little flower boy while explaining how every other character is a piece of garbage. . . Tldr; basil stans are really fucking annoying,2
same honestly. i dont like him, but i also dont hate him. hes my least favorite character but i dont want to cucking skin him alive.,1
They are idiots who see him as god,5
So some people are part of the Basil cult that follow this sub to say something weird and then try to get themselves banned. And then most of the time, Anti Basil people are just having fun and making jokes.. . Sometimes weâ€™re serious, and other times, weâ€™re just having fun.,4
**agree**,3
That makes sense.,2
thank u,2
hmm yes,2
Welcome brother join us form the eradication of all basils,5
Yes!,2
Might wanna spoiler that...,1
Literally nothing is spoiler censored here i didnâ€™t realize i had to sorry,2
Its okay,1
stupid watermelon boy stabbed out sunnys eye after traumatizingboth of them. and when mari was injured he didnt even call an ambulance or run to get an adult for help. he just decided she must be beyond saving and knew how to tie a noose at 12. what kid who isn't fucked up knows how to tie a noose and chooses to stage a suicide at 12? he knew all that but not that sunny wouldn't get in major legal trouble even for manslaughter as he was 12 and it was an accident.,15
He has the most punchable face,9
Eh, for me, it's more like:. . * He's one of the central characters of the entire game, being one of the reasons why Sunny managed to cover his manslaughter case as a suicide, but the game just focuses on the other three rather than him.. * His characterization of being a cute boy gone psychotic may or may not stick to people.. * His mental problems is widely interpreted as abusive clinging.. * Yeah, his shit with Mari is extremely hard to justify. Traumatized or not, his infinite retardation is still complicit with the act.. * He turned Sunny into a pirate.. . I don't like the bastard, but it's not like I'm gonna draw him getting clapped by the Marine Special Operations Command or anything.,7
My initial hatred came from the first time we meet everyone in headspace. I have had friends like him, the whole group protects him as this precious little baby who can do no wrong and he is constantly the victim in need of saving. He refuses to fight on the basis he is a gentle soul so just expects others to bend over backwards to protect him and keep him safe. He also went through the flower garden he agrees that part of the reason he assigns cactus to Kel is because he sees him as a prick. Uh??? Fuck you dude. He holds this esteem that he is a gentle soul who needs protecting but clearly internally isnâ€™t at all like that. I get the whole trauma thing and that headspace is only sunnys portrayal of how he saw the dynamic but I personally would hate to be in that sort of friendship dynamic. I just really really hate people like him. I donâ€™t even care about the whole mari situation. I can see why he did what he did in that situation. Itâ€™s just him as a person that makes me hate him.,7
Stabbed his friend in the eye and also decided to hang his sister not even considering that he should just call an ambulance. And don't try to justify it either, because it's fucked up.,5
Because we have our reasons! It's funny you asked, Basilwatermelon2 ðŸ”ª,4
I want to curbstomp him, idk why.,10
Him hanging dead bodies up and causing everyone more pain and confusion. Like i donâ€™t agree with the absolute hatred of him, but Iâ€™m tired of retards acting like heâ€™s some smol cinnamon roll boy. Did you even play the game?,4
i want to rip his teeth out. I have no reasoning.,8
I wanna slit his face and see him suffer. Not sure why,7
Personal grudges. But also because >!he stabbed Sunny in the eye.!<,7
I wanna fucking eat his organs,3
The watermelon we call bagel has lied and tricked for long enough. sure omor did to but he apologized bagel didn't. So that is why we the people of the bagel hate community don't like that watermelon,3
ugly af,5
i think it's because he is gay,-1
I despise how the fandom infantilizes him and acts like he's an adorable little baby. Whenever I see stuff like this I want to murder him in the most brutal and disturbing way possible.  . . . Oh yeah, and the multiple crimes he committed.,1
I assume he learned how to tie nooses to hang up his plants,3
Bro Mari was already deadðŸ’€ðŸ’€ðŸ’€,-1
I thought they hanged Mari the next day,1
I agree with your points.,3
wdym by abusive clinging? just curious /gen,1
Kel was compared to a cactus since it could withstand anything, but like flowers, it might wilt if not properly cared for.,0
At least he apologized ðŸ¤·â€â™€ï¸,0
i like where this is going,3
ðŸƒâ€â™€ï¸,-1
I would not have written this if I hadn't played the game. I believe that what he did was way worse than what Sunny did, but I still love Basil. You gotta appreciate a good "antagonist" when it's done right. This sub reddit is proof of that.,0
Sunny was also flailing his knife around hurting Basil,0
You got me confused ðŸ˜­,0
Bro, not to put another dude down, but heâ€™s probably ten times better looking than you ever will be and youâ€™re jealous,-4
He did it to defend Sunny,1
he's my little cinnamon roll with hopes and dreams to become a gardener ðŸ¥º,1
and he simply decided to use that knowledge to sudpend a dead girl's body,8
she could've had the possibility of surviving if they called an ambulance,4
A fall like that would have maybe broken a few bones, and I mean MAYBE, if she died from that fall she would have been a really tall infant, if they had called an ambulance so much of the shit that happened could have been avoided, but no, stupid little fucking flower boy decided "Sunny Sunny! We have to hang her dead body! Don't call the ambulance Sunny! We have to hang her Sunny! Sunny! What do you mean she could be alive?! Don't be silly! She's only 15 years old and fell down the stairs! What do you mean her bones aren't as soft as an infants!? Of course they are Sunny! Now get the jump rope and lets learn how to tie a noose!",2
Aubrey asks â€œis it because heâ€™s a prick?â€ When basil says the cactus reminds him of Kel and he says â€œwell.. that tooâ€,2
Sorry for hanging the sister of sunny trying to frame it as a suicide when i could have called emergency services and to stab the eye of sunny bcs yes ðŸ˜­,2
He didnâ€™t have a knife, remember? Kel took it,4
This is another reason we want to kill the watermelon his fans are dumb,2
1. Cope he is not real. 2. Nah he still ugly as fuck my dude,7
Stfu, how about you character pfp user,1
Literally i think there would be no legal issues with that accident taking in court they were minors and no social consequences bcs it was an mf incident, but bcs he tried to frame it out as a suicide it now has legal and social consequences, so he didn't defend in any way sunny, he just made things worse because he is brain dead,1
You're not helping with the infantilization part,1
Duh,1
Basil didn't acknowledge it until Aubrey mentioned it, and I'm sure he didn't mean any harm.,0
He's iconic like that,1
Didn't Basil apologize a million times? Sunny/Omori hadn't once apologized,1
I know I know, it just annoyed me for him to put on this gentle angel persona and then insult Kel when Kel is one of the people who actively defends and protects him constantly without complaining. It was one of the things that reminded me of past friends. I know itâ€™s not that deep. Just one of the reasons I personally donâ€™t like Basil.,4
He apologized to much,2
Apologies dont solve things,1
omori fans when basil ISNT A REAL FUCKING PERSON,6
Could you tell me why the Anti Basil sub has suddenly got more popular in the past day? What happened on the Omori sub?,3
I believe itâ€™s because someone made a post there saying not to come here,3
Ah, that makes sense now. Thanks for clearing that up.,2
They're "terrified" bcz of the gore drawings here. Besides having only 2,2
Yeah, the anti Basil sub has only the blender, gun, and watermelon death. Thatâ€™s about it.,3
In fact the game itself has more basil gore than this server,3
yummy,1
Thatâ€™s the most astonishing part. I have to question if Omori fans actually played the game when they say how â€œhorrifiedâ€ they are of this.,6
I think it's more that the game intends for you to be horrified when it happens, and not support it as happens here. That's what catches people off guard,2
That's what I was thinking, like bro have you not seen what they do to him in game.,2
This sub is intended to be anti Basil, so I donâ€™t know what else you would expect here other than Basil fans raiding the sub.,3
I gave a simple analysis that intends to answer your statement without taking any sides. There's no argument to be had in this thread. I didn't say I expected anything, nor did I bring up raiding. . . Either way, they "raid" likely for the same reason, coming (and regretting) more out of curiosity than spite - they're clearly first-timers. Aside from that opposing sub where it's certainly more personal.,1
But Iâ€™m not arguing, Iâ€™m just telling you what you expect in a sub called Anti Basil. Yeah, you didnâ€™t bring that up. I brought that up because Iâ€™ve been in this sub. Sorry if you felt threatened by my comment.,1
Aye and I'm simply telling you why people don't expect it (for some reason). It's more than they expect.. . It's like going to court for a murder case and still being shocked by what's shown, which happens. Why the downvote anyways? I'm not against you, and I don't see us disagreeing.,1
My bad. Iâ€™m used to downvoting in this sub because of the Basil fans. Let me fix it for you real quick.. . Edit: There, youâ€™re good now ðŸ‘,1
Nice, I'm smack neutral and just like to look into why people respond the way they do. Seems like you've got some ongoing opposition with that other Basil sub ~~I haven't looked at yet~~,1
Honestly I donâ€™t think any of it is genuine. Most of us are just here for playful fun.,6
he french,3
Bcs is a fucking psicopath that should be judged for its crimes,3
Stupid piece of shit takes up space in my spice cabinet as if it were use it for more than like two dishes ðŸ˜¡ðŸ˜¡ðŸ¤¬ðŸ˜¡ðŸ¤¬,2
they're homophobic,-1
Not all. I donâ€™t HATE him, I just strongly dislike him.,3
Don't compare me to him... he is worst. We cut heads and kill fast and only for kings (some queen too). . >!We don't just hang someone because it didn't wake up in 4 to 5 hours.!<,2
>Ham, corn and basil is perfect for pizza. . **Did you mean:**. . **Ham, corn and Basil is perfect for pizza**,4
wdym? Oh wait..,2
we need to organize,2
true,1
divine retribution,3
Just search for it under â€œnewâ€ posts.,2
Nah canâ€™t find it,2
,3
THAT SHITS NOT BAD AT ALL WTF,1
Truw,0
He shall.,3
You shall perish,2
Basil deserves to live,1
*live a happy life,1
\*die,6
*live,1
*die,3
*live,2
\*die,1
\*live,1
\*die,1
\*live,1
\*die,1
*live,1
oh, so you want to die on the fact basil deserves to live?,1
Hell yeah I do think he deserves to live. . But as the respectful person that I am, I'll just accept that we have separate opinions about Basil and I'll respect both yours and my opinion, have a nice day.,1
I like onions, wbu?,1
Onions are good.,1
Do you prefer brown or purple,1
i prefer mine in a green-red puddle of agony,1
How original. A few posts later, another Basil fan is gonna post â€œBAN ME IDCâ€,2
we do a little trolling,3
Godspeed you hero.,0
Its time to do my thing again.,0
Going undercover in r/antibasil, wish me luck.,0
Thanks,0
Fuck plantera-basil.,1
You say this like its illegal, most places its really not, in France they were given light alcohol till relatively recently. At school that is,3
Well Leaf Lover's Special is an alcoholic drink... but somehow it sobbers people up when they drink it,2
i honestly just think hes annoying idgaf abt the stuff he did,15
Honestly thatâ€™s the smallest reason why I hate him. There are many reasons,11
Respect our borders, sir, and get back to your sub!,8
The war is over already, go back to your sub,7
"what he did (which I hope is why you all hate him) won't stop me from liking him". . &#x200B;. . did like what?,4
He just looks and (in my head) sounds extremely annoying. He also occasionally spews out some extremely braindead shit.,4
Counterpoint, But Basil,2
Finally. One of the good ones.,0
Go back to the shadow realm,1
WE FOUND YOU, WE WILL TELL R/BASILCULT ABOUT YOUR CRUEL ACTIONS AND WE WILL SEND YOU TO THE GUILLOTINE.,3
I'm undercover in r/antibasil wish me luck.,2
u/jdmilewski tip: next time you go undercover donâ€™t publicly announce it you were reposted in r/basilcult,1
ðŸ¤“,2
Nah man Iâ€™m skipping town,0
Me too Iâ€™m also undercover in r/antibasil wish me luck ðŸ™,3
What.,1
Thanks for telling me,1
me three im also undercover in r/antibasil wish me luck ðŸ¥¯,3
Yes,1
:),3
Me four, I'm also a fellow spy in the r/antibasil I wish you the best of luck.,2
You know we are not pussy and we dont just ban spies, not like others do,1
me five, iâ€™m undercover in r/antibasil wish me luck,1
He stole my kill thatâ€™s why.,15
I wrote a whole essay on why i hate basil before so ig Iâ€™ll just c&p it. .   >!Basil, the character from OMORI has done many things wrong. He has committed multiple crimes and has caused mental problems for his entire friend group. Heâ€™s a huge reason why after Mari died the group was in shambles. The evidence to all of this will be in the essay..   First of all, letâ€™s start off with the crimes heâ€™s committed. He has helped hide a body, which is the maximum penalty of twelve years in jail as it is a Class F Felony. He would also suffer an approximately twenty-five-thousand dollar fine. But, he didnâ€™t stop his crimes there. Basil has committed assault against Sunny, which is a Class B Felony. Sunnyâ€™s friends were there thankfully and were able to get help in time. However, had they not been there Sunny would have died due to blood loss. Therefore, Basil assaulting Sunny may lead to a twenty-year prison sentence. Overall, Basil would have to spend at least thirty-two years in prison..   However, you could argue that Basil has the right to Legal Insanity and plead for a lower sentence. But, at the age of twelve, when he committed his first crime, he was in no such state of insanity. Unlike Sunny, he was not aggravated and unintentionally murdered his sister. Basil simply chose to frame her death as a suicide. Unlike Sunny, he should not be able to be excused due to Legal Insanity. .   Now, letâ€™s start off with how he hurt Sunny. Sunny had already felt guilt for accidentally murdering his sister, but Basil had only increased such guilt. Sunny had to stay in his house for four whole years due to such guilt. Sunny felt guilty for Basilâ€™s doings which led him to insanity and escapism. And the night that Sunny attempted to help Basil, was the night Basil betrayed him. Basil had stabbed him in the eye and other extreme bodily harm. Due to Basil causing such guilt for Sunny, he dropped out of high school, became malnourished, and had received almost impossible to fix mental damages. Basil continued to encourage Sunny to keep it a secret about the truth of Mariâ€™s death and began gaslighting him into thinking that the only person who would forgive him would be himself..   Not only did he hurt Sunny, he also hurt the rest of his friend group; Kel, Hero, and Aubrey. Due to Basilâ€™s actions Hero had begun to become a shut-in. Thankfully, he wasnâ€™t nearly as far gone as Sunny, but he did have his moments. Such as snapping at his little brother Kel. Kel had been trying to help Hero, trying to encourage him to get out of bed and do something. But, due to the guilt in Hero because of Mariâ€™s â€˜suicideâ€™ he screamed at Kel and claimed that Kel didnâ€™t even love her and would never understand. Kel and Heroâ€™s relationship had been close before, until Basil had framed a suicide. Kel and Hero became distant. Kel had decided to go make some new friends due to the death of one, the absence of one, and the neglectful brother he had. This led to Aubrey seeing Kel with new friends. Aubrey had already felt left behind by Aubrey and the sudden shock from feeling betrayed yet again had hit her. She was depressed, she couldnâ€™t rely on anyone at home, and most certainly not the girl she had seen as her sister. Until Basil started clinging onto the only person he had left, Aubrey. Everyone else was busy, had no time for Basil, but Aubrey did. Basil clinged onto her like a leech, expecting everything to be alright now. However, that was not the case. Aubrey had found his photo album with Mariâ€™s face scribbled out. Aubrey had been enraged and took all the photos with Mari out of the album. She had screamed at Basil and went home to never talk to him as a friend again. Throughout the entire time when Basil was sixteen and Sunny had come out, he played the victim. Acting like Aubrey was the big bully and never let her side of the story out. He made Aubrey an outcast to an already broken friend group..   Most importantly, Sunny would have most likely been forgiven for what he had done, by law and by his friends. Sunny never meant to push Mari and kill her. He was twelve and his emotions had gotten the better of him. His guilt clearly showed through him staying inside for years. Sunny should be able to claim Legal Insanity even before pushing Mari down the stairs. He was extremely stressed and being yelled at by his older sister did not help. He was always a quiet kid so if he committed a violent act, clearly something was wrong. Not only that, but it seems his father was either neglectful or abusive. The moment Mari had died, he left. Also, he has been neglected by his mother. The lack of food in the fridge and leaving him alone for days to deal with moving shouldnâ€™t have taken as long as it did. She couldâ€™ve at least stopped by once, but all she did was call him and remind him to do his chores. Not even money was left for him to buy some food. .   Overall, this proves Basil is indeed a terrible human being and should be punished for his crimes. He was not a good friend and did not protect Sunny in any way. Therefore he should serve at least thirty years in prison with a chance of parole on top of his twenty-five thousand dollar fine.!<,13
He annoying. Thatâ€™s it. I have the right to find people annoying and I make use of that right.,3
His character is annoying and his kinnies/fans/stans are even worse,5
Because it's funny. . I mean the old "Basil war" started in the first place because of a post about a gif of blending his sprite up with a "fuck you" written in broken English, so I am pretty sure many of us aren't being that serious about it.,3
Funny. That's it.,5
because too many people like him,2
He spawncamped me in Delta Ring.,1
"Wow, that's a Lotta words." (Guitar riff) "Too bad I ain't reading em'.". . . /s,3
was this written by chatgpt,2
Can't tell if you're being serious of shitposting.. . Well played.,1
Have you tried breaking it up into paragraphs?,1
He was a child, so he cannt be sent to jail,1
Nah I wouldnâ€™t blame you for not reading it. If I was you Iâ€™d read the first two sentences and be done ðŸ˜­,2
This is like the only essay Iâ€™ve made that wasnâ€™t written by ChatGPT ðŸ˜­,1
Juvie ðŸ˜ðŸ™,1
Based,1
Where is anti hero,5
But auby is cool :c,4
Nowhere.,1
INCORRECT,-3
I Will make it as the #1 hero hater. Its my duty.,5
W you  . L op,3
Why don't you make a sub for it?,2
It had to be done.,8
The war is over already you retarded fuck,8
GET OUT WHILE YOU STILL CAN,2
So cool,2
I'm with you,1
AE,1
